Designator,Footprint,Quantity,Value,LCSC Part #
"C1, C2",CP_Elec_6.3x5.4_Nichicon,2,47µF,
"C10, C11, C12, C13, C14, C15",CP_Elec_10x10.5,6,330µF,
"C6, C7, C8, C9",0805,4,100nF,
D1,D_SMC,1,B340,
"H1, H2, H3, H4",MountingHole_3.2mm_M3_DIN965_Pad,4,MountingHole_Pad,
J1,BarrelJack_Wuerth_6941xx301002,1,DCin,
J10,PinHeader_1x13_P2.54mm_Vertical,1,Conn_01x13,
"J2, J3, J4, J5, J6, J7",JST_XH_B4B-XH-A_1x04_P2.50mm_Vertical,6,Conn_01x04,
J9,PinHeader_1x08_P2.54mm_Vertical,1,Conn_01x08,
JP2,PinHeader_1x03_P2.54mm_Vertical,1,MS1,
JP3,PinHeader_1x03_P2.54mm_Vertical,1,MS2,
JP4,PinHeader_1x03_P2.54mm_Vertical,1,Rst,
JP5,PinHeader_1x03_P2.54mm_Vertical,1,Slp,
U1,TO-220-3_Vertical,1,LM7805_TO220,
U10,Pololu_Breakout-16_15.2x20.3mm,1,X,
U11,Pololu_Breakout-16_15.2x20.3mm,1,Y,
U12,Pololu_Breakout-16_15.2x20.3mm,1,Z,
U13,Pololu_Breakout-16_15.2x20.3mm,1,A,
U14,Pololu_Breakout-16_15.2x20.3mm,1,B,
U15,Pololu_Breakout-16_15.2x20.3mm,1,C,
U2,ESP32-module,1,AZ-Delivery_ESP32,
"U3, U4, U5, U6",SOIC-16_3.9x9.9mm_P1.27mm,4,74AHCT595,
